INSERT INTO ciudad (ciudad_id, nombre_ciudad, codigo_postal) VALUES
(1,'Cali',760001),
(2,'Bogotá',110111),
(3,'Medellín',50001),
(4,'Barranquilla',80001),
(5,'Cartagena',130001),
(6,'Bucaramanga',680001),
(7,'Pereira',660001),
(8,'Manizales',170001),
(9,'Palmira',763531),
(10,'Tuluá',763022),
(11,'Popayán',190001),
(12,'Armenia',630001),
(13,'Neiva',410001),
(14,'Santa Marta',470001),
(15,'Cúcuta',540001);

INSERT INTO servicio (servicio_id,nombre,descripcion,estado) VALUES
(1,'Instalación Fibra','Instalación de red FTTH','activo'),
(2,'Mantenimiento Fibra','Revisión y reparación de líneas','activo'),
(3,'Atención Hogares','Soporte técnico a usuarios residenciales','activo'),
(4,'Atención PyMES','Soporte a empresas pequeñas','activo'),
(5,'Provisionamiento','Alta de nuevos servicios','activo'),
(6,'Portabilidad','Gestión de portabilidad numérica','activo'),
(7,'Televisión IP','Soporte de servicios IPTV','activo'),
(8,'Telefonía IP','Asistencia de telefonía sobre IP','activo'),
(9,'Backbone','Monitoreo y soporte de red troncal','activo'),
(10,'Monitoreo NOC','Supervisión 24/7 de red','activo'),
(11,'Consultoría','Asesorías técnicas personalizadas','activo'),
(12,'Entrega Equipos','Gestión de entrega de routers y ONTs','activo'),
(13,'Recepción Equipos','Retiro de equipos defectuosos','activo'),
(14,'Capacitación','Capacitación técnica a empleados','activo'),
(15,'Infraestructura','Soporte a infraestructura física','activo');

INSERT INTO tipo_usuario (tipo_usuario_id,nombre_tipo_usuario) VALUES
(1,'Cliente'),
(2,'Operador'),
(3,'Administrador'),
(4,'Proveedor'),
(5,'Técnico'),
(6,'Supervisor'),
(7,'Analista'),
(8,'Coordinador'),
(9,'Gerente'),
(10,'Soporte'),
(11,'Asesor'),
(12,'Líder'),
(13,'Interno'),
(14,'Externo'),
(15,'Temporal');

INSERT INTO usuario (usuario_id,nombre,apellido,tipo_usuario_id,condicion_especial,ciudad_id) VALUES
(1,'Laura','Gómez',1,NULL,1),
(2,'Carlos','Rojas',1,'Adulto mayor',2),
(3,'María','Paz',1,'Embarazo',3),
(4,'Andrés','Mora',1,'Silla de ruedas',4),
(5,'Diana','López',1,NULL,5),
(6,'Jorge','Ibarra',2,NULL,1),
(7,'Sofía','Naranjo',2,'Embarazo',2),
(8,'Felipe','Quintero',2,NULL,3),
(9,'Paula','Méndez',3,NULL,1),
(10,'Giovanni','Cruz',2,'Requiere‬ silla‬ de‬ ruedas',5),
(11,'Héctor','Peña',4,NULL,6),
(12,'Lucía','Rivas',5,'Adulto mayor',7),
(13,'Tomas','Santos',6,NULL,8),
(14,'Valentina',' Ortega',7,'Embarazo',9),
(15,'Camilo','Ríos',8,'Adulto mayor',10);

INSERT INTO empleado (empleado_id,usuario_id,cargos,departamentos) VALUES
(1,6,'Técnico Nivel 1','Soporte Hogares'),
(2,7,'Técnico Nivel 2','Soporte PyMES'),
(3,8,'Ingeniero Backbone','Redes'),
(4,9,'Jefe de Operaciones','NOC'),
(5,10,'Técnico FTTH','Instalaciones'),
(6,11,'Analista Provisionamiento','Provisionamiento'),
(7,12,'Especialista IPTV','Televisión'),
(8,13,'Especialista VoIP','Telefonía'),
(9,14,'Supervisor NOC','NOC'),
(10,15,'Coordinador Instalaciones','Instalaciones'),
(11,7,'Auxiliar Logístico','Almacén'),
(12,8,'Operador Call Center','Atención al Cliente'),
(13,9,'Encargado Equipos','Infraestructura'),
(14,10,'Gestor Calidad','Gestión'),
(15,6,'Monitor Red','Monitoreo');

INSERT INTO turno (turno_id,usuario_id,servicio_id,empleado_id,fecha,hora_inicio,hora_fin,estado) VALUES
(1,1,1,1,'2025-10-19','08:00','09:00','finalizado'),
(2,2,2,2,'2025-10-19','09:00','10:00','finalizado'),
(3,3,3,3,'2025-10-19','10:00','11:00','en_progreso'),
(4,4,4,4,'2025-10-19','11:00','12:00','finalizado'),
(5,5,5,5,'2025-10-19','12:00','13:00','programado'),
(6,1,6,6,'2025-10-20','08:00','09:30','programado'),
(7,2,7,7,'2025-10-20','09:00','10:30','programado'),
(8,3,8,8,'2025-10-20','10:00','11:30','programado'),
(9,4,9,9,'2025-10-20','11:00','12:30','programado'),
(10,5,10,10,'2025-10-20','13:00','14:00','programado'),
(11,1,11,11,'2025-10-21','08:00','09:00','programado'),
(12,2,12,12,'2025-10-21','09:00','10:00','programado'),
(13,3,13,13,'2025-10-21','10:00','11:00','programado'),
(14,4,14,14,'2025-10-21','11:00','12:00','programado'),
(15,5,15,15,'2025-10-21','12:00','13:00','programado');

INSERT INTO medio_notificacion (medio_id,nombre) VALUES
(1,'Email'),
(2,'SMS'),
(3,'Teléfono'),
(4,'WhatsApp'),
(5,'Push'),
(6,'Telegram'),
(7,'Notificación Web'),
(8,'Fax'),
(9,'Carta'),
(10,'Portal interno'),
(11,'Señalización'),
(12,'App móvil'),
(13,'Correo certificado'),
(14,'Chatbot'),
(15,'Red social');

INSERT INTO notificacion (notificacion_id,usuario_id,medio_id,mensaje,fecha_envio,estado) VALUES
(1,1,1,'Su instalación ha sido programada','2025-10-18 08:00:00','enviada'),
(2,2,2,'Actualización de caso #123','2025-10-18 08:05:00','enviada'),
(3,3,3,'Recordatorio de visita técnica','2025-10-18 09:00:00','pendiente'),
(4,4,4,'Encuesta de satisfacción disponible','2025-10-18 09:30:00','enviada'),
(5,5,5,'Portabilidad en proceso','2025-10-18 10:00:00','enviada'),
(6,6,6,'Turno asignado para hoy','2025-10-18 10:30:00','enviada'),
(7,7,7,'Cambio de horario de turno','2025-10-18 11:00:00','enviada'),
(8,8,8,'Incidencia priorizada en Backbone','2025-10-18 11:30:00','enviada'),
(9,9,9,'Reporte diario NOC disponible','2025-10-18 12:00:00','enviada'),
(10,10,10,'Alerta de SLA cercana','2025-10-18 12:30:00','enviada'),
(11,11,11,'Nuevo servicio agregado','2025-10-18 13:00:00','pendiente'),
(12,12,12,'Factura disponible en el portal','2025-10-18 13:30:00','enviada'),
(13,13,13,'Recordatorio de pago','2025-10-18 14:00:00','pendiente'),
(14,14,14,'Mensaje automático de confirmación','2025-10-18 14:30:00','enviada'),
(15,15,15,'Notificación general del sistema','2025-10-18 15:00:00','enviada');

